{
    "lr": 0.00016252524168962833,
    "score": 0.57754011,
    "best_epoch": 11,
    "initial_lr": 0.00012287,
    "base_ratio": 0.9331619537275064
}